Leeming,Matthew,,
Omrani,Bijan,,
Rooney,Dawn,,
Robinson,Carl,,
Pommaret,Francoise,,
Coleman,Teresa,,
Morkot,Robert,,
Cassidy,Anthony,,
Hargreave,Oliver,,
Courtauld,Caroline,,
Chui,Hu,,
Rossabi,Morris,,
Honeychurch,William,,
Corrigan,Gina,,
Dunnaway,Cliff,,
Gleadhill,Diana,,
Stewart,Rowan,,
Weldon,Susie,,
Forbes,Andrew,,
Bishop,Kevin,,
Information,Post-Tsunami,,
Taylor,Louise,,
Sermier,Claire,,
Nordbye,Masha,,
Lanza,Patricia,,
Booz,Elisabeth,,
Hempstead,Andrew,,
Simmons,Ben,,
Carpin,Sarah,,
Turcotte,Paul,,
Bonavia,Judy,,
Baumer,Christoph,,
Middleton,Robert,,
Thomas,Huw,,
Hauser,Markus,,
Lindesay,William,,
Baofu,Guo,,
Mayhew,Bradley,,
Macleod,Calum,,
Mooney,Paul,,
Hatherly,Gerald,,
Maudsley,Catherine,,
Bonavia,Judy,,
Hayman,Richard,,
Goodman,Jim,,
